Metabolite,LE-197_1-U2,LE19-10_1-A1,LE19-10_1-A2,LE19-10_1-A3,LE19-10_1-N1,LE19-10_1-N2,LE19-10_1-N3,LE19-10_1-U1,LE19-10_1-U2,LE19-10_1-U3,LE19-197_1-A1,LE19-197_1-A2,LE19-197_1-A3,LE19-197_1-N1,LE19-197_1-N2,LE19-197_1-N3,LE19-197_1-U1,LE19-197_1-U3,PCC-7806-A1,PCC-7806-N1,PCC-7806-U1,PCC7806-A2,PCC7806-A3,PCC7806-N2,PCC7806-N3,PCC7806-U2,PCC7806-U3
640,569.61194,1678.9543,2865.5925,4067.1506,12343.964,2723.3464,18696.875,1187.9193,7380.4053,10743.104,0,680.2324,802.5268,0,736.6006,4283.14,0,1488.233,611.50867,38280.15,626.4487,823.0111,1080.179,25505.428,17721.996,801.10004,1565.9122
171,257468.28,1662720.2,1612088.9,1911527.5,13133951,5969264.5,10657294,1231436.2,1554520.8,1186287.2,185559.36,120793.41,354405.28,2745006.5,3942234.2,3449234,56765.438,244716.36,223217.94,7052195,51589.33,361430.34,42176.18,14615976,12225394,293586.72,67797.734
786,0,0,0,0,0,0,0,0,0,0,0,0,0,0,0,0,0,0,0,23427.297,0,0,0,27823.746,37709.504,0,0
819,0,9631.862,12245.496,9615.515,80963.86,46952.77,74021.84,8679.511,10126.293,4683.1025,0,0,1516.8535,994.73584,0,1978.3152,0,673.19556,19403.365,94356.04,55561.805,31697.33,26665.55,103446.63,107771.43,38653.098,52121.51
598,1079.6265,84299.72,51357.18,77662.01,264582.97,96723.63,238668.33,80662.28,56456.55,77141.59,0,0,9882.487,72609.74,41361.484,31347.809,0,0,1154.9413,157753.62,490.6802,0,546.3342,121315.555,116568.57,1047.3181,911.09845
585,1079.6265,90822.234,51357.18,79576.164,229249.08,82975.91,161790.69,85626.1,56456.55,47927.254,0,0,9882.487,72920.5,41361.484,31347.809,0,0,1154.9413,82514.4,490.6802,0,546.3342,68811.664,28779.438,1047.3181,911.09845
740,862.46027,3443.3044,9322.3545,4294.6064,24320.064,5377.8916,20657.646,9233.244,10483.573,9046.271,0,0,9007.946,17528.926,15834.287,19207.074,0,1227.0566,4400.451,76639.52,1939.5383,1022.17,969.4313,49001.586,50531,5670.3677,9330.379
387,840947.75,260593.1,318746.53,257531.12,661374.2,440259.03,796966.6,298612.78,285427.22,245755.27,173250.52,171409.83,191135.89,2155188,303348.47,637135.94,835826.3,655445.25,102928.56,228742.64,299936.44,124117.29,131159.77,277504.4,264497.03,264182.88,242698.52
374,0,0,0,0,250009.47,1136.67,0,0,0,940.7125,0,297.26224,0,19559.303,1507761.6,2132.7493,455.23672,526.1382,0,656.0006,256.19995,0,443.58472,491.61005,2051.0225,0,357.0573
575,0,10011.919,3449.9492,4408.377,102152.84,29472.049,84479.54,10302.149,10240.34,2037.1892,0,0,0,3216.153,0,0,0,0,0,20815.658,0,0,0,11977.725,12811.794,0,0
756,0,0,0,0,0,0,0,0,0,0,0,0,0,0,0,0,0,0,0,5144.439,0,0,0,0,0,0,0
400,104312.414,26567844,32237168,31248538,30529564,22141758,30321534,22695064,17085788,23633618,37976.277,18557.232,20329.516,94116.7,1647627.5,54187,63678.97,82592.016,2485286.2,2567907.5,3170527.8,2456933.5,2830928.5,3531063.5,3360185,3707390.8,2947129.8
355,1190049.1,709.17914,1888.5332,1425.8802,1261.487,692.96674,1109.6731,6864.769,4868.9727,6280.2866,2294239.5,1361675.6,2131951.2,1465.4084,1473.5721,6067.697,1035448.1,793008.2,1053.1907,4546.4995,2011.5632,2023.282,2562.3923,13287.39,11183.26,3494.1309,1875.0106
372,2283460.2,166345.72,226212.77,266945.88,379117.53,212493.97,238583.95,162879.75,160194.55,149587.52,817127.75,445271.94,597930.2,342188.56,428172.5,215850.22,1176846.9,1692900.5,324147.38,201777.98,389347.72,395213.88,396078.34,316616.62,283454.8,308960.7,338887.9
399,404.30127,1234762.4,1493855.2,1450583.9,1406262.5,1010252,1394881.2,1051205.4,786579.8,1077671.9,0,0,0,887.5823,72491.19,0,0,290.59564,107037.32,112713.586,139008.86,108107.05,123856.35,151678.02,146129.31,161296.55,129060.28
404,10852.599,0,0,778.1213,124442.8,54211.773,123820.86,0,613.74396,0,3341.051,1189.6595,4101.484,70592.625,316114.75,76754.625,9780.636,11978.437,6624.132,972023.56,22305.307,2298.5547,1039.1691,1912398.8,1923351.6,21888.197,17688.5
290,43919.715,1469077.4,2243468.8,1948374.8,1181118.6,635497.56,1377568.1,1456617.4,1328203.2,1254064.2,39596.582,33777.863,48928.766,75083.59,197501.16,146995.78,39517.65,26674.871,0,6623.278,0,0,0,11480.11,7667.0244,0,0
645,7623.2607,269773.7,239398.97,220040.6,812701.56,223502.95,794461.56,264587.75,281089.28,244159.89,8824.838,13154.457,4496.238,48028.023,117216.86,121872.88,6113.2593,7912.065,28288.893,1822879.5,9917.115,29135.6,32152.287,1098157.1,685330.7,11282.927,13610.678
641,0,8483.361,4431.87,2110.5154,35121.098,4340.636,30727.432,6377.6294,7751.0435,2730.6648,0,0,0,0,581.85486,0,0,0,0,84040.51,0,0,0,46413.785,26009.69,0,0
576,0,8688.047,8480.987,6948.2676,96969.36,26851.648,70989.53,11692.908,15428.371,2601.2844,0,0,0,4922.7944,1159.7437,579.7773,0,0,0,20356.174,0,0,0,12793.717,14198.432,0,0
912,875.73645,0,0,0,0,0,0,0,0,0,0,1187.0042,848.7434,0,0,0,0,1081.7014,0,0,0,0,0,980.4916,0,0,0
744,1088.7451,14384.356,22571.951,15552.841,86858.17,28524.518,72529.086,20899.379,28366.113,13140.872,0,0,0,2676.279,4848.0073,764.49524,0,0,0,8341.412,0,0,0,2232.0916,4630.7896,0,0
578,4795.394,384943.47,320779.12,260165.75,2581180.8,786493.1,2193422.8,408608.62,428114.47,224016.03,0,0,38649.363,146389.34,86855.164,57338.08,528.8611,911.4768,44109.98,627234.8,77048.96,52241.87,48107.57,442644.34,390549.53,74193.5,54908.527
388,642435.75,183978.44,237953.23,192728.81,490523.34,339948.12,593111.56,224023.05,214120.11,171747.75,127291.805,127162.336,145483.36,1675672.5,216978.1,488119.66,651346.8,497692.16,70103.77,171880.17,228228.72,96486.71,85461.016,214245.16,192321.73,198221.72,177993.66
375,0,0,0,0,84661.88,0,678.9972,1483.3499,0,0,0,0,0,11313.199,1278216.5,0,0,0,0,1430.8204,0,0,0,0,1125.9342,0,0
194,58869.31,396046.94,454577.62,495486.88,664596.3,467846.8,639232.2,398585.5,494118.9,541558.75,72268.85,71836.78,78198.06,139629.23,265239.16,160453.61,51153.805,57366.05,327731.25,1173149.6,381456.78,360412.06,370767.75,1333797,1380977.1,354968.12,461205.44
326,899474.3,245719.33,317680.62,315828.25,376544.5,127326,224908.38,207177.77,168589.7,161183.11,589481.8,477265.03,580606.2,131454.25,126648.875,86426.31,757216.7,652418.44,665847.7,178724.89,788849.9,738711.44,757652.2,267511.88,248231.8,885966.44,700455.25
788,0,930.90186,2564.4543,6667.905,0,0,6327.791,2298.864,3104.4736,2591.3943,0,0,0,11226.971,0,0,0,0,4789.8076,149133.12,4609.483,855.31445,4302.505,169574.03,234946.9,2772.9817,5130.0586
760,0,27230.508,39137.438,42714.324,66126.35,9045.362,76020.56,27987.55,29031.104,29687.135,0,0,1223.0134,20049.29,11477.372,6226.6357,0,0,2587.251,84134.836,4688.539,0,4747.5493,93316.77,113520.305,3342.2002,1695.8799
800,5288.9116,109265.68,167785.27,117460.52,792923.44,489126,758000,89783.43,121379.24,74121.27,3246.8086,12306.216,11191.283,56340.92,10208.8125,12642.458,951.6295,15672.253,203209.39,971113.56,576075.3,321758.7,293337.4,1113989.1,1076430.6,426285.94,520057.28
590,48731.277,767203.6,528918.06,621110.1,1890712.6,685384.9,1464175.1,687036.9,773776.94,432671.3,1072.5586,819.5264,120980.516,584866.5,323514.72,243151.86,545.95264,7566.7812,81981.09,1022255.56,44210.688,7844.347,32355.764,730814.25,653729.06,64528.73,50298.04
586,48731.277,767203.6,528918.06,621110.1,1920139.2,692401.3,1317424,687036.9,773776.94,432671.3,1072.5586,819.5264,120980.516,584866.5,323514.72,243151.86,545.95264,7566.7812,81981.09,669576.2,44210.688,34603.887,15402.615,547316.2,500406.84,64528.73,50298.04
569,285656.9,216239.92,254385.16,240611.58,190603.92,87175.81,187410.98,274805.5,237796.52,201364.95,152342.08,99853.81,126691.414,113298.62,93945.195,63261.25,230312.64,211888.45,922915.94,724771.44,1313689.6,1016612.7,1017729.9,731563.25,673111.5,1392047.4,1084272.5
762,0,11440.571,9887.169,10173.292,133994.61,35614,152737.42,13997.028,18581.66,9832.816,0,0,0,0,0,0,0,0,0,16066.668,0,0,0,20671.195,20154.008,0,0
794,0,0,0,0,0,0,0,0,0,0,0,0,0,0,0,0,0,0,14176.264,12929.067,23569.906,8027.6763,11100.3545,18778.096,17376.92,22227.828,23159.773
507,0,0,0,0,2377536.8,1200792.6,2099947.5,0,0,0,0,0,0,123925,580121.7,320053.2,0,0,0,418842.3,0,0,0,489297.1,534057.44,0,0
331,2527099.8,18464816,18818930,17113934,33239392,10981396,38528250,14071718,11196098,12759913,502955.66,383786.5,540346.25,11658346,32779552,12137297,1130692.5,1584068.1,2834979.2,20395788,1634766.5,2915499,2899082.5,17915092,15336613,2275087,1673714.6
352,1042096.8,3336540.5,3542574.5,3114880.8,675087.1,541126.5,1107364.9,2542602.8,2124668.8,2753717.8,1791073.9,1899025.8,1954601.6,1183027.1,1074631.6,805799.7,1109336.4,779696,1046392.25,887174.06,628190,2344497.2,1294911.6,801246.06,734992.75,537247.4,523419.94
362,1056520.2,2479711.5,3604169,3159497,1620952.1,510141.78,1545254.1,2573707.2,2147631.5,2649976,1821393.2,1931148.2,2004549.4,671149.3,1058442.2,810155.94,1148645.4,801663.44,1067327.5,1342372.8,620161.25,1028158.56,1311061.8,1562556.6,1231274.4,550428.75,528494.2
383,0,196801.97,250967.16,182990.67,1691484.2,648992.7,886792.2,405598.75,395375.88,346319.56,0,0,0,3575.8071,37804.996,495.80853,0,0,79914.19,165658.19,153155.08,104990.42,94801.01,270690.47,250239.03,167492.7,160592.61
354,1010636.25,773382.7,948642.2,936277.7,3269034.2,1783376.5,2490094.8,697295.5,585468.8,727184.75,742650.56,814942.44,1441050.4,4976181.5,26922498,3392641.8,1215468.8,884196.44,147075.08,242451.44,269041.38,197269.23,179149.05,362727.5,332832.78,268234.94,219654.61
332,40937.766,311275.72,331289.66,300834.8,598278.94,191032.33,694617.4,247689.02,192652.34,213152.61,6772.4946,3653.3167,8073.3,201391.66,573351.9,218764.69,18215.676,25308.574,46172.79,354465.25,27884.477,47020.797,44874.83,324758.44,263288.22,36768.062,26347.643
328,134419.6,1008496.9,1035610.06,932953.75,1863055,594216.1,2142366,776130,620713.4,696114.56,23836.225,18714.525,27173.742,640979.4,1818894.8,667630.8,58980.45,83102.336,149655.14,1135065.6,85903.195,154773.08,157783.97,994833.94,839887,119678.25,85882.016
357,53442.594,40448.105,48424.133,47274.35,168397.88,91543.72,129640.73,35223.996,29241.533,37437.53,37776.785,40265.22,74614.07,266857.4,1479795,181613.25,61194.105,41047.68,4007.8633,10790.649,12498.102,8586.729,7692.449,17559.906,15484.12,13003.103,10574.447
419,0,0,0,0,1282682.5,573445.2,744953.75,0,0,0,0,0,0,253881.1,1672083.1,1629803.6,0,0,0,943346.9,0,0,0,3168205,1428930.2,0,347.04883
632,0,1925.2871,0,0,13869.837,1849.7924,9629.332,1944.7295,1169.7626,0,0,0,0,557.0497,0,0,0,0,0,1486.8159,0,0,0,3020.2766,486.66837,0,0
229,473965.56,123561.516,147890.02,142300.34,700105.75,563936.4,739962.56,122606.93,122077.12,128167.09,80900.21,79940.94,105728.72,231746.08,367915.38,190928.17,422172.22,372045.9,57203.69,161227.36,196224.9,58358.812,54570.703,203193.75,182565.86,175577.8,171028.78
631,0,5222.7,2039.5002,8252.149,27381.78,4411.0728,37671.96,4804.432,5696.8657,10500.276,0,404.43427,653.3517,2620.212,1023.1082,681.8902,0,539.8296,0,7413.8755,0,1345.8555,1031.6436,7575.045,7939.815,616.2876,2366.4922
748,103650.47,70227.82,79263.55,72218.69,895801,389344.12,998936.5,98779.88,81172.336,84383.63,47241.438,50215.52,59030.633,110385.29,88366.24,53899.336,102304.07,80321.79,17873.09,77820.7,45690.785,9196.315,17858.398,95854.086,86205.055,29631.658,28266.488
761,0,31084.863,44326.285,46659.72,76954.16,12035.38,84913.266,37582.27,33213.566,32924.03,0,0,1580.0798,24580.188,11986.241,8313.149,0,0,5890.701,99763.73,5051.454,1298.1771,6275.7134,110512.055,124575.51,7643.5464,5351.7285
203,115298.93,52333.92,75025.8,82722.88,105407.3,63597.867,136639.38,88417.76,98114.07,73045.9,51487.19,20886.375,34333.492,134991.17,144869.86,66836.09,83077.55,87304.734,136728.66,304861.56,228531.36,102946.375,204620.03,453234.28,404341.28,209442.62,199400.2
341,0,675.5554,786.4309,2454.5657,45699.926,4387.4385,0,492.77914,486.7493,4132.9985,1287.1484,0,0,5133447,35072.137,301010.78,0,296.63098,1360.8125,0,27405.625,596.92224,5819.6045,473.64783,460.8853,6358.0396,3850.5574
363,2211.5032,42769.617,57191.46,44936.19,785.9348,4387.4385,5762.011,16207.7295,18374.299,116919.97,84427.08,13917.972,5454.0767,894367,37654.5,313492.25,541.02625,17164.59,14855.578,9955.224,967923.56,11612.511,19173.05,27476.062,24542.646,238045.67,79804.97
822,1308.0657,15622.214,16568.578,13671.757,27399.06,5392.361,31525.479,21812.234,28822.793,12143.93,0,0,0,10506.8,0,0,0,0,0,102949.09,0,0,1359.6208,59871.484,45777.754,0,0
790,2965.2122,9879.841,16408.146,32062.172,7466.885,2420.7822,31391.969,17631.555,15484.292,14815.502,0,0,841.7777,49934.055,0,0,3120.6167,1187.0085,23294.658,561236.7,21718.54,11985.778,21764.28,638728.3,812679.7,19084.184,22674.621
263,649.38684,810484.1,2621892.8,3724593,496313.25,103293.68,309448.7,3322312.8,1670358.6,1828247.6,0,0,0,22730.09,30141.467,13809.694,499.8576,0,85830.61,576.994,2647.1401,17209.006,124167.55,2581.1687,819.6227,7805.1704,12462.065
323,784513.1,224020.27,295551.72,247576.84,310872.3,192955.73,334228.2,331223.6,303467.7,244910.6,622105.3,681967.25,695280.7,460062.9,504640.44,400202.94,755511.4,573909.5,767977.3,390769.7,992164.56,886435.06,857609.7,593737.3,506404.7,1040702.94,837393.7
252,592799.4,371277.2,719610.1,520712.44,361726.2,219138.17,373048.66,486571.22,476494.7,392244,392304.4,353962.78,419771.78,424904.12,656885.7,519840.03,513024.22,430051.22,297645.6,294782.44,369096.06,281118.12,328867.2,428157.62,420204.03,382630.38,303824.97
261,682.478,5287653,7029783.5,7538974,4567.2993,0,1000.6829,7191394.5,6530610.5,2509292.5,0,0,0,17105.121,3734.5972,5381.2246,0,0,135280.17,71954.99,2883.5693,93576.04,48624.387,37005.83,106548.73,5452.5415,6928.407
264,4337.7246,4495.104,6059.046,7365.076,302917.3,213516.08,114227.79,2572.6477,6251.9224,6738.8057,4576.0283,8134.4014,7726.5728,907764.6,889545.6,438080.47,5106.3677,5052.387,4390.6694,24675.416,6037.0757,6772.0444,6834.217,112078.305,73527.73,5447.8896,5635.743
447,0,17017280,16736413,19082028,24656528,13859516,23461162,9222380,8451349,11531870,0,0,0,174614.11,1086075.6,72088.58,4334.478,0,81728.766,586589.6,88723.03,70922.52,96752.07,601039,500120.7,133715.86,49658.332
501,0,0,0,8526.033,85243.66,29148.227,98230.164,0,0,0,0,0,0,0,5300.9136,4426.905,0,0,0,590598.1,0,0,0,771299.4,863433.75,0,0
449,0,924972.7,905192.6,1003740.8,1357893.6,749593.75,1286234.1,475675.12,457673.94,611129.4,0,0,0,5642.583,57968.152,566.19055,0,0,0,30488.023,0,0,0,29024.7,23851.426,0,0
434,0,14922.148,0,332.4287,106684.17,44784.043,41583.742,0,0,389.7505,0,0,0,41994.9,146758.7,74397.95,0,0,0,264289.16,360.13354,15947.102,0,2338448,847991.5,0,0
726,93913.1,1004105.56,1066070.9,1154580.6,93563.02,53078.55,108074.29,634005.5,498797.7,559586.56,67421.67,28838.09,129112.19,99328.2,115998.95,59104.438,71273.61,61403.61,43771.36,190156.08,27141.053,39545.566,39366.64,215795.39,163276.52,30749.715,25016.412
262,8031.1577,792029,113694.484,78351.06,15851.052,4784.875,5295.321,237932.52,34467.824,147923.75,82474.46,18112.385,13619.374,11482.296,3484.2847,4761.603,6255.3013,128478.375,7094.0293,3670.0823,106857.16,31866.31,84009.9,2892.27,3584.9849,251246.98,102606.72
776,0,0,0,0,20168.2,0,2489.4978,1117.3792,0,0,0,0,0,0,0,0,0,0,0,0,0,0,0,0,0,0,0
572,0,12952.2295,33261.746,49729.28,1126128.5,691658.7,1540479.5,48030.55,38909.9,48000.66,0,0,0,0,0,0,0,0,0,51709.688,0,0,0,21638.562,60623.49,0,0
358,4501.9565,22417.352,19750.143,25429.854,14248.634,9061.756,8998.824,15303.175,16877.047,19248.59,613.947,1349.7418,25371.992,41975.434,380121.44,25657.02,3673.2715,4236.9146,5460.2637,1348.4227,10296.766,5628.961,4759.3926,3199.7449,2035.7583,7900.1855,6411.956
633,0,10338.988,4876.35,6898.8276,37908.39,9662.576,31999.97,8159.6113,9466.499,4351.032,0,0,0,4561.149,0,0,0,0,0,9851.166,0,0,779.29443,9228.031,8225.802,544.0364,0
455,0,0,6792.0527,45500.816,1268922.8,1570298.2,1255211,32301.258,0,62377.562,0,0,0,20979,0,0,0,0,135039.25,652609.9,300883.72,50975.508,102623.19,663224.5,1244720,644189.06,440167
183,142388.69,213282.75,230172.58,126420.34,53585.062,184379.31,58372.18,127782.91,127360.72,119065.31,162109.36,228199.98,236075.4,6508.735,7663.4546,5043.13,415559.72,110691.91,181287.94,12746.351,32138.555,195451.25,159732.72,16738.814,13130.79,23336.277,33540.316
148,467326.9,598580.9,743310.3,450925.25,53585.062,184379.31,58372.18,127782.91,469297.4,119065.31,497304.34,667939.4,787333.7,6508.735,7663.4546,5043.13,415559.72,110691.91,181287.94,12746.351,32138.555,183808.11,159732.72,16738.814,13130.79,23336.277,33540.316
437,25369.188,191332.22,336420.22,206555.78,633378.6,184961.73,450980.8,138133.62,208729.73,102867.35,15287.012,22754.543,29850.744,148495.39,50015.707,37301.445,26570.21,19928.635,25315.64,87601.766,20340.414,39023.344,20437.535,51809.96,66931.58,41655.3,21020.69
721,33921.234,12876.217,31098.578,30496.076,5440809,5499145.5,4961573,72867.5,47379.98,75889.484,26585.146,43231.09,41138.7,228263.34,15279.703,876.9468,28342.307,16938.652,89100.18,1884969,375224.28,72420.19,62035.27,2726237.5,3487992.8,1309058.9,649949.94
211,207610.72,21692.422,32060.465,47765.492,24473.334,16992.615,29374.79,38309.625,24688.81,27344.104,102801.72,54147.15,63393.11,111462.914,134066.06,62347,232721.48,162641.12,103817.305,8999.117,68478.055,74498.46,127887.664,15396.976,13330.574,61039.17,61874.812
377,2011479.8,1365994.2,2078498.1,1984321.4,7253325,3934555.2,7187334,2722889,2502664.8,2378788.2,672414.4,599389.3,595484.5,2216971,3232765.8,2298872.2,2505639,1613052,398109.6,4196180.5,898539.1,445853.12,516381.7,4985645,4407007.5,847102.56,943567.44
192,3737300,1509946,1277921.6,1305949.8,1874207.4,1168267.2,1793218.2,1041804.94,1310288.8,874542.44,2430758.5,1459346.8,1814808.5,1370900.1,1704484,993266.5,3378482.5,2885836.5,2038162.1,2071208.4,3657930.2,2064329.5,2406849.5,2970487.2,2492366,3743051.8,3308664.8
386,1623415.2,2553796.2,3687581.8,3442493.5,3768210.5,1874747.1,2711610.5,3644963.8,3143531.5,2835332,2870978,2752709.5,3586515.5,725061.4,808396.56,625073.75,1543794.4,1244203.8,3592708,2168651.5,5256532,3808237.2,4216263,3114922.5,2726786.5,5290233,5084573.5
348,63183.133,160150.47,211497.08,195758.56,363535.16,209155.08,391132.47,215834.89,186075.77,180762.73,74321.48,80645.77,83004.64,39795.355,49019.145,30927.018,57910.785,50688.09,493087.56,237076.2,872998.3,560379.2,586169.56,370624.62,300281.2,853371.8,790741.8
579,13052.193,629663.56,508373.9,439311.7,4356249,1246396.1,3522628.5,642802.6,685676.94,396498.28,3257.7065,7732.541,59837.688,222656.14,130172.05,86101.91,1080.6198,2944.392,71674.43,928914.6,45376.516,47233.9,72595.17,613004.25,511602.12,49016.46,39845.234
133,866.5068,0,1864.4298,0,10613.374,10181.08,1264.6283,0,959.9558,612.5466,0,1045.0405,1171.6393,168477.33,489571.56,951308.75,0,0,0,0,848.9783,0,0,5201.1084,771.84924,0,247.60236
325,2073510.4,645818.3,1114788.8,1000699.25,3826351.2,2117913,4379631,1644479,1371784.2,1154965.2,596466,634033.4,725432.56,2544100.2,3352590.2,2448484.5,1751246.6,1504057,857639.7,3156732.5,1515205,918283.5,858607.1,3976524.8,3833039.8,1567556.1,1325090.8
414,818.2143,12087.144,12075.256,9136.641,299195.62,127573.11,112048.125,1335.9758,2415.2917,4836.076,1735.3899,501.29572,569.1146,103098.3,201122.1,139162.88,347.0707,346.22614,0,123199.66,0,446.94305,0,879545.4,377338.4,0,0
268,25616.523,25912.52,24455.701,17990.047,2679415.2,1811267.9,1176920.4,7987.455,5455.6816,4150.289,1950.7651,3903.9937,7896.411,6454621,6540767,3062050.5,12862.343,11622.319,11587.803,1857748,8725.435,18804.617,3455.7605,2041099.1,1336957.1,36672.5,12641.545
191,74417.8,33192.688,33627.91,30152.691,414317.16,323311.16,544159.8,44114.168,66279.414,34346.023,25553.684,14727.689,16713.98,1489148.2,1271226.2,641269.1,47490.91,64941.55,6157.879,1158175.2,12085.344,8621.019,7818.117,881123.5,931886.8,14905.574,14357.027
284,635298.4,48018.31,73082.79,61382.22,2040.8188,2832.9858,5756.143,70587.28,51325.984,49138.34,160207.16,154418.47,186858.83,6102.454,17308.387,22526.877,513378.22,535169.9,182170.88,10791.789,309507.2,195589.62,191025.67,18009.412,15674.129,318169.72,304197.4
418,0,0,0,0,49895.86,19269.06,5344.4443,0,0,0,0,0,0,19302.168,12396.236,626.3745,0,0,0,32048.86,0,0,0,793430.8,237265.77,0,0
385,41966.91,0,0,0,0,0,0,0,0,0,4462.1543,16538.012,1536.8962,1742818.6,2663446.5,269662.75,5707.1143,43422.367,0,1296.6871,0,8483.538,8544.542,22076.191,5619.797,0,0
456,0,0,0,0,881579.7,508170.03,1102422.2,0,0,0,0,0,0,0,0,0,0,0,0,56915.465,0,0,0,31516.777,63017.617,0,0
637,0,0,0,0,173979.36,18492.012,542674.5,0,0,0,0,0,0,0,0,0,0,0,0,0,0,0,0,0,0,0,0
271,0,1029.4899,0,8002.5024,447399.47,298276.03,224271.9,1603.5327,3537.5195,8160.5107,0,0,0,17630.38,4414.7773,1783.6361,0,0,18766.633,206084.86,107315.38,17799.297,28080.244,333780.44,266603.06,114587.36,96364.055
805,4953.4653,3165.1697,7276.6104,0,14762.292,3848.9,10703.135,4410.9414,5493.796,1119.5151,0,1192.2131,22055.664,126226.54,5466.6665,1226.0444,2482.6372,1626.38,3716.1016,40609.508,0,0,0,23655.916,24179.488,1386.4944,0
796,0,130958.32,210990.02,133366.23,358959.4,155483.33,298676.44,67942.54,69601.2,48746.156,0,0,0,23143.88,1626.7114,0,0,0,25892.633,259622.47,3727.5105,32611.219,30672.645,228911.25,218008.17,5511.9604,3624.8972
806,0,0,0,0,0,0,0,0,0,0,0,0,0,6496.3784,0,0,0,0,0,953.4307,0,0,0,0,0,0,0
421,816955.25,335154.6,480149.94,415852.2,791569.9,616722.1,519342.7,508757.28,488772.56,416943.78,440545.22,365934.06,297865.25,436833.66,470882.16,302777.22,660201.75,632605,0,0,4803.0615,0,0,0,0,4386.9575,2018.8999
292,6157.7627,8639.394,13036.108,12434.875,1041396.1,58648.375,111346.3,14034.169,83697.945,604200.8,14407.115,6383763,323880.44,885104.06,357957.66,64194.664,8854.857,9144.661,12005.511,66337.38,20745.688,16698.725,13949.883,11105.148,16454.562,48833.105,35790.53
395,38779.51,504873.1,627287.94,180844.47,590.4282,0,0,129094.94,372633.38,29089.926,0,28455.428,53818.074,0,0,0,0,19962.217,80033,0,23371.703,65130.08,95359.266,0,0,0,25249.32
343,404996.66,1399094.4,1540853.9,1626432.8,430473.16,307862.53,711202.4,2813427.2,2498874.2,2097133.8,379888.72,456715.53,947313.5,369181.78,585550.2,837672,292487.47,355361.75,267795.4,180262.27,187665.08,245087.78,73765.836,272470.94,267063.2,308905.5,183579.42
441,1529126.2,672618.2,248245.03,57740.145,523815.28,158521.62,675510.3,51348.355,380997.4,39949.66,1007776.1,1426348,1580324.6,507061.62,506062.3,492510.53,1502775.6,1642422.8,187811.56,1206873.9,526677.25,320059.3,456139.97,1643515.2,1093451,284553.8,244688.58
503,0,0,0,0,10821063,5376549.5,9525171,0,0,0,0,0,0,570738.6,2646662.8,1428121.8,0,0,0,1818737.5,0,0,0,2185124.2,2338680.5,0,0
208,10964.235,10001.4795,24799.586,2895.6985,58632.492,36529.574,110222.46,5059.345,6633.3125,4864.0757,2739.7412,8004.542,9448.893,14671.46,55485.812,38525.445,20444.88,8139.014,7688.248,538765.25,3322.4922,9042.113,9684.448,291061.94,302352.6,2388.1,6730.133
672,0,0,0,0,0,0,2226.8074,0,0,0,0,0,0,0,0,0,0,0,0,0,0,0,0,0,0,0,0
267,5419.4595,53360.02,111737.58,127278.336,563071.06,338065.3,537461.2,41231.94,29154.615,21906.027,1453.6533,1743.242,874.1574,0,32077.676,0,6064.033,1789.9629,10227.171,31891.201,1133.611,11633.563,0,55457.305,73957.6,24097.303,769.05524
209,9090.128,15604.96,20863.793,16168.183,237913.36,315402.94,511511.25,23108.754,44267.92,21181.043,6598.0283,7591.75,6319.5117,2075.1335,8323.273,6488.3203,12577.971,8137.816,2693.2988,1114170.1,14983.826,5093.338,3870.3628,1170900.4,972176.6,9729.479,10346.317
296,628582.8,118058.805,127556.16,161954.06,1260.5791,7074.3022,7423.9946,65906.75,29381.678,69317.07,717508.5,610616.44,738354,12013.7295,12088.891,30392.299,558540.75,478870.84,9349.804,10820.373,19223.53,14448.003,14533.014,15164.399,13517.244,29845.738,23371.95
412,386.67557,493.95087,440.51505,0,29744.885,7794.159,7361.3086,0,279.6206,563.71106,455.11346,0,0,28940.943,11715.082,4478.1816,632.5001,383.9085,385.30676,44327.605,403.57254,393.38037,477.88416,1148210.8,304551.84,0,471.3681
433,0,0,0,0,63532.58,25235.676,9838.245,0,0,0,0,0,0,21785.363,81172.26,36012.08,0,0,0,183691.89,0,0,0,1680940.1,555700.44,0,0
635,1741.2585,84949.164,56251.7,57199.59,379168,81460.125,315951.34,77562.86,74033.65,47848.86,0,455.12817,5044.143,41785.992,9909.515,9993.266,461.77246,1427.7018,15787.422,87261.73,6694.157,9939.052,15541,80043.73,75879.43,9849.833,6907.9956
235,1354056.6,2832359,1922520.2,1786182.9,214351.4,41292.633,53124.043,1822679.2,2238400.5,1189453.4,716397.8,687266.75,957424.1,306066.47,167902.95,123069.41,725942.1,982406.44,1352233.5,36970.473,1636884.9,1517469.2,855236.56,124074.664,77876.32,1950297,2130045.2
657,0,3654.6582,11837.813,13624.662,435821.56,244840.2,290709.88,41440.273,4458.99,48571.926,0,0,0,23258.506,0,0,0,0,254899.69,703334.2,1758540.9,338793.44,227967.11,1044809.4,910300.44,2040581.4,1719427.5
634,0,8933.049,3870.4648,5142.615,42439.402,7738.021,35785.24,8178.223,7826.574,2330.5051,0,0,0,4007.4614,0,0,0,0,0,9295.299,0,0,0,8513.474,7571.258,0,0
156,4154.7944,19272.205,4208.666,1675.9597,1776.2855,763.5746,0,2061.1733,3340.0989,1384.8306,0,4481.27,2980.1143,0,0,0,3828.312,4105.939,3085.109,637888.8,19612.123,6477.5527,11262.034,1146469.4,775832.6,11611.097,21938.691
798,56004.28,3468011.8,5002387,2804918.5,27345906,16996766,25960278,3032742.5,3798522.5,1753562.8,5407.6235,37652.383,43796.41,1571408.4,90755.23,38052.07,8177.2837,74628.95,6759880.5,33457228,21071170,10463236,9166530,38787756,37082736,14956955,18556852
539,78930.55,212359.66,175054.77,222372.67,972163.6,577150.06,1146502.4,199765.33,212958.44,291505.16,24090.69,0,27038.389,90014.89,64261.8,46703.11,76705.055,86410.27,0,30968.46,31785.574,6952.981,0,57171.95,45426.49,10392.995,13853.814
797,2047.0134,335686.34,481677.78,269768.66,2672006.5,1634827.8,2504242.5,296495.44,369032.44,166552.45,0,0,0,148846.89,4798.8276,0,0,1130.2231,655408.8,3260423,2043739.1,1031103.1,887814.1,3764122.5,3600235.8,1434035,1786538.6
210,24816.088,271370.97,391334.62,328575.9,0,0,0,242223.08,174660.88,239223.38,131482.66,163963.94,162135.84,0,0,0,19397.78,10106.075,530026.25,0,196054.7,590747.94,636535.9,0,0,214855.11,189754
265,654.11316,0,0,0,228920.88,180489.52,60520.934,0,0,9076.421,0,121518.914,0,783018.8,771176.2,357541.2,0,0,0,5258.8765,0,0,0,66737.8,26650.672,596.55444,0
566,1223386.8,775253.7,730748.3,855878.06,12778.328,17147.973,23563.05,442553.28,427701.72,685662,771476.75,541915,967241.5,399.42902,0,0,1068187.4,1332609.6,305693.78,0,415370.8,179612.16,292469.78,0,0,473534.75,381884
382,0,0,0,0,80055.33,0,0,0,0,0,0,0,0,230491.58,43829.688,63417.844,0,0,0,0,0,0,0,0,0,0,0
294,0,0,0,0,0,0,0,0,0,0,0,0,0,0,0,0,0,0,93394.87,0,328424.56,61531.973,84391.914,0,0,620649.06,347251.6
789,60042.066,2696707.2,2680968,1062950.9,1467374.4,228137.72,556412.3,2075392.1,2183362,1797374.1,42318.18,22891.037,131434.61,105167.836,55457.367,56426.25,74641.33,40261.09,35728.227,2363558.5,83002.96,31281.879,25019.576,3652902.8,1809489.2,46026.16,34884.145
729,514510.9,5097098,5433385.5,5828020.5,541081.44,270086.9,608907.2,3149093.8,2713109.8,2783014.2,365744.62,154579.78,670149.4,543216.3,601537.5,327796.44,383901.72,325306.88,235733.1,1089802.1,151363.56,219491.84,214117.16,1147939.2,843375.8,166548.7,148009.27
415,0,0,0,0,232099.77,90813.805,76327.44,0,0,0,0,0,0,71362.69,130076.02,97555.18,0,0,0,79771.19,0,0,0,665605.25,260335.36,0,0
187,926894.5,140004.53,167336.23,167046.86,171457.97,104164.63,179078.66,135810.02,141834.34,115487.06,308935.47,311199.53,379778.22,226650.83,287168.47,201303.5,447222.16,550530,182436.67,117368.87,304680.62,191876,239922.72,175864.34,152204.42,298099.22,298051.72
636,2338.8772,97700.24,64281.773,65798.79,431960.97,92856.55,351407,90334.1,88650.086,50739.75,0,0,6546.3057,50108.234,12681.133,12089.82,1865.8245,0,19371.002,102868.016,7861.1562,11164.661,16906.549,94463.89,82373.45,12769.407,9315.854
190,4597.1523,89093.484,88240.09,63076.504,1204956.6,441670.94,554885.25,18489.27,25824.336,16224.234,6304.3633,6459.7275,20855.764,454864,1990920.9,1069342.8,2807.1921,1024.42,13375.864,320021.5,712.91626,11453.617,2191.9407,1127269.1,890600.56,8321.674,0
239,0,7292.3584,16977.047,1446.9067,52546.035,35336.46,12821.582,0,822.36255,1175.3354,0,0,3440.972,172705.8,1392410.8,330380.4,0,0,2980.6714,3753.4795,957.75995,3403.4224,4179.4746,29910.088,19762.463,2748.066,1143.7062
312,1020451.75,534422.44,235793.8,238441.47,7095.6294,3530.6035,4771.667,211763.78,241583.69,125552.56,695981.3,498836.5,391791.9,0,471.35916,1294.5643,614577.94,713481.8,107275.77,0,268346.06,166224.67,131324.64,0,0,253887.08,265995.38
562,5662522.5,3442842,2923682.5,3588617.5,134159.78,134521.3,173389.5,2543391,3079262.5,2891284,2966082.8,2591612,3384525.5,10451.009,0,0,5321685.5,6089208,1203742.2,0,2614771,1209031.6,1620654.6,0,0,2277847.2,2477532.5
567,6117656.5,3020367.2,3088824.2,2653242.2,94606.5,81534.79,115809.3,2882702.5,2455551.8,2235406,2827109,2419184.8,2592492.8,10451.009,0,0,4251455.5,4513437,1417418.6,0,2534465,1549951.1,1067616.4,0,0,2676761,2336861.5
216,1505.7234,6632.3564,11444.385,6488.838,198656.97,220776.03,454072.72,24019.785,25084.527,19868.615,0,0,5252.526,116585.375,283927.6,475675.25,9199.345,2398.3416,0,184620.52,0,0,0,259291.7,240256.52,1076.8789,0
420,0,0,0,0,1052.5566,1344.7064,469.41193,0,0,0,0,0,0,438.8894,2703.0547,0,0,0,0,81338.34,0,0,0,1682504.9,437128.2,0,0
759,0,2554.9255,8542.733,0,360836.2,302321.25,449262.94,5830.7783,12472.871,1514.715,0,0,0,12893.6455,0,0,0,0,19850.059,348521.7,102516.28,27846.068,29914.393,443281.62,534474.06,117051.44,106753.14
281,8174723.5,1852025.9,1275966.5,1628243,896428.06,507909.66,831826.5,733005.3,748229.9,552819.3,3836137.8,2825984,4218267,7240019.5,8131140.5,6021076.5,10229296,6967214.5,814274.7,769668.2,1176916.2,899445.25,980361.9,1120789.9,1097151.9,1245644.2,1103874.4
728,238025.3,1143902.6,1270300.4,1292213.1,204201.42,102224.02,194183.75,862585.56,701907.25,719328.1,180305.97,81168.05,271766.12,201264.05,249050.28,123536.68,191302.73,148834.9,114845.81,322578.34,79094.98,109957.35,106017.15,410880.84,322010.94,82416.59,75932.336
60,0,1000.3164,976.90295,569.0435,1187048.8,1053409.4,1228464.8,315.28326,371.17926,525.6112,655.0482,499.53076,859.4383,338367.78,265819.66,251991.83,978.2573,0,837.4865,945472.3,569.5908,994.9149,331.28802,391835,727830.1,491.27084,469.69897
283,799544.9,173697.81,114952.56,151438.02,80966.34,44574.58,75492.15,68794.08,70983.54,49151.51,372431.78,267100.94,414885.3,704673.2,792431.25,581343,992204.3,684104.7,73311.61,66704.72,114207.74,82464.38,91604.58,103025.83,95754.36,114890.016,103396.15
364,24835.324,441716.28,1069407.9,967229.9,1845703.4,1454491.9,726123.75,234885.45,365905.28,298141.97,26136.12,37911.734,23676.414,4989.4478,97581.22,11128.344,36645.59,31121.219,2431.4832,5713.8174,8442.158,3367.8608,13020.612,18425.133,9468.184,4320.962,3849.9727
338,556252.4,75764.14,68747.82,72040.62,31516.121,4782.6274,11658.107,20049.186,35589.75,9089.957,102870.47,119474.99,305097,446318.4,36547.383,39972.723,1799808.1,303911.53,26116.016,50381.73,25744.125,26861.678,43659.336,75353.83,22657.227,15845.026,18064.988
381,449110.12,70809.33,70192.98,100204.74,65899.555,41876.734,41516.953,16041.387,8327.22,9204.505,197564.89,132757.95,158161.58,268228.38,362963.88,198888.77,694083.2,347379.28,0,0,0,0,0,0,0,0,0
334,418288.75,59485.76,40615.49,48990.188,15231.713,21916.54,1921.5295,36327.496,47288.586,31121.146,92139.99,69687.53,140901.5,20754.812,50697.574,37406.008,1699550.6,208602.6,10542.485,12013.507,46386.863,2910.8252,13206.419,23117.914,10756.484,18054.232,55442.44
398,0,2670910,3680085.2,3651820.5,3490178.2,2408344.5,3323275,2508982.5,1627323.1,2649616.2,0,0,0,0,40112.695,0,0,0,85102.086,91717.91,96605.99,57336.715,100045.13,134031.08,123848.945,129062.586,89429.27
299,697219.6,69575.64,123933.734,165982.8,20976.34,8027.4546,14710.378,232241.62,150410.84,67454.945,277530.3,187208.36,130261.9,41365.707,29794.062,14184.95,531288.44,301135.4,29320.547,669.1792,36204.69,27166.164,11170.823,0,3431.1936,77146.02,44288.164
223,323413.1,742663.94,1516642.8,1604402.4,52991.848,12565.034,44031.62,1067653.8,800190.9,1148375.2,339444.6,279027.28,325346.62,4318.4136,21386.215,12233.963,329806,143505.1,1158530.8,3469.0408,378392.7,830254.4,1211379,11693.491,8135.7275,938272.56,716035.3
276,2693.7085,119144.24,182649.55,102893.51,453791.47,240868.02,402146.47,172416.22,186943.72,140436.52,0,831.67773,671.0243,1749.6334,2172.5361,4020.8555,0,893.7416,1437.1768,8007.4863,1285.408,3923.878,4580.108,7805.7026,10936.038,3995.9385,4416.849
128,0,973.178,0,1204.1809,3613.608,5733.2725,3992.896,1723.7688,1224.5137,0,0,0,0,772.6655,1039.9008,595.5309,0,0,0,661860.94,1924.8804,0,0,1168572.1,811876.8,1292.2615,0
725,15696.516,183965.25,148991.22,103470.14,60489.848,2159.6462,48583.977,96086.92,182139.8,64510.086,26811.387,13958.699,11548.419,2544.0522,843.2971,3281.073,22174.135,11762.142,10711.2,124423.28,73956.53,16179.918,16946.72,349896.38,62008.684,27234.707,57763.32
754,0,0,0,1004.6947,72810.08,61043.33,108708.49,1108.0364,0,1589.9707,0,0,0,0,0,0,0,0,23521.709,292870.3,65996.03,17218.45,22584.738,362558.9,376586.12,75354.14,68122.25
109,13173.371,28116.756,17495.006,3696.7515,6217011,3023192.8,4346272,8255.028,40950.074,3448.817,1709.7408,2147.0454,8107.508,1956231.2,644040.9,623508.56,15380.994,26212.01,22079.1,8112572,46316.117,24596.498,8335.262,1419227.8,6198014,12089.463,22981.277
318,36204.293,161530.61,735807.8,869787.4,0,572.1347,0,568050.75,315748.72,509158.53,65104.26,57777.996,82439.64,0,0,0,52240.2,17958.69,161897.52,0,8579.632,72694.68,50131.71,0,0,15211.526,34593.652
394,116515.7,1499782.8,1832412,534497.5,0,0,0,381558.3,1111562.4,86438.445,1438.1798,87730.125,155087.14,0,0,0,0,57961.64,245653.95,984.7121,70637.77,195220.89,278234.4,10269.064,3117.2883,2935.71,73423.21
475,0,0,0,0,10887.736,7846.5,38811.633,0,0,0,0,0,0,0,2894.7732,587.69525,0,0,0,349656.4,0,0,0,390960.22,501924.8,0,0
630,0,67628.414,298141.1,184742.72,490240.78,897.58673,2480.4849,117206.664,53028.684,39111.58,0,0,0,0,0,0,0,0,0,0,0,0,0,0,0,0,0
272,3802.3445,62912.613,104291.2,379146.62,2344923.5,2044349.1,461110.44,249203.4,204266.95,43376.05,0,9800.734,5394.806,40790.688,40839.812,83281.01,1313.0449,4360.4453,4032.4065,1191906.1,5396.9097,13453.78,914.49115,904256,526730.6,1987.1968,4458.098
213,65236.02,1019.308,2342.079,1996.6982,9854.575,5618.1724,9770.918,4985.98,4151.122,1877.189,41836.555,49439.406,40983.4,178817.2,262383.22,108970.805,39132.25,46591.62,28910.227,8246.129,1797.495,19463.965,10742.663,22410.572,16793.422,5560.255,884.729
573,30781.89,619849.94,1099558.8,977171.7,69016.86,905.1349,11523.254,731487.44,587621.6,941321.2,28623.139,36166.92,38470.152,1563.4094,0,0,20923.562,7863.1836,136152.02,143528.75,97710.52,43469.58,153718.58,104353.44,89180.62,56077.184,64763.2
159,65743.59,27522.086,40059.473,42207.137,59681.715,42533.418,69537.62,46895.727,39342.625,27960.379,58967.54,41238.457,51480.31,94642.734,71566.555,65526.54,85946.13,56076.34,61427.367,227388.03,149125.14,46685.95,48955.746,272039.94,259859.02,131824.89,99788.68
373,4705799,322252.3,441815.72,513349.66,1896.052,1126.7966,0,313866.28,315799.25,171313.3,1612459.1,595030.3,1153502.6,2159.6455,2601.2202,3940.366,2368902.2,3395514.5,427045.12,0,225116.84,392347.03,436531.9,0,0,380652.03,192806.4
350,117304.92,567849.4,317359.4,473637.22,24425.234,11352.024,13834.93,713206.5,683098.9,410616.12,174937.55,28167.664,81348.664,32400.27,2290.2915,752.0273,66522.93,54642.6,13967.733,0,8912.319,1876.3492,4860.5664,528.00037,0,7266.029,7144.681
560,0,0,0,0,0,0,0,0,0,0,0,0,0,0,0,0,0,0,575498.56,0,162991.48,1053638.4,129770.02,0,0,925306.6,319660.72
763,0,131855.83,125222.12,163494.28,272973.78,103997.49,346378.53,103284.27,88902.07,109107.734,0,0,0,113825.73,45734.125,17737.453,0,0,0,712704.8,3486.5308,5999.849,1685.6394,515929.88,507021,1602.4646,3187.0337
780,0,0,0,0,9293.392,0,22242.773,0,2645.1104,0,763.483,0,0,816.84045,0,0,910.05164,0,35714.31,533850.94,16449.791,24313.402,37517.68,512526.53,597113.25,16106.45,18465.139
152,10461.4,2060.7188,18386.094,6906.747,607250.44,154312.02,240055.98,10585.561,20251.01,5391.6455,0,0,13035.416,21634.041,40770.457,33489.684,4512.932,6949.394,1801.3351,86694.734,1300.4067,1115.814,0,449832.47,286650.47,0,0
139,3914.6023,3367.5322,1222.9038,0,65459.2,43919.637,74598.695,0,0,0,53729.496,13334.254,16617.156,222498.16,286581.2,252033.89,5485.338,5327.277,0,113776.08,821.2604,0,778.9333,120932,87106.55,0,0
591,0,0,0,0,870924.7,199532.44,735261.94,0,0,0,0,0,0,0,0,0,0,0,0,0,0,0,0,0,0,0,0
266,387428.06,71558,216677.8,56052.723,494410.38,98336.79,524489.44,743618.9,545917.5,614736.5,110065.07,133528.61,80129.3,519071.72,1140439.2,1320652.2,261343.17,383795.16,849748.94,248628.94,304970.1,1040406.2,1072041.9,332460.72,411590.75,437650.4,324922.1
347,496553.06,565.94745,7754.9863,4887.1143,654446.75,351839.25,527114.94,13678.547,12090.799,9495.704,372122.03,444151.1,458430.25,240708.25,261717.44,250985.62,581287,419124.3,0,0,0,0,0,0,0,0,0
351,0,234667.06,365407.03,207842.17,1258613.8,889481.4,1306547.9,320785.3,336065.12,278695.66,0,0,0,0,0,403.85284,0,0,0,0,0,0,0,0,0,0,0
304,0,0,0,0,704289.25,766388.1,713558.2,0,0,0,395.9696,0,0,206473.14,173425.55,233852.77,0,0,0,356754.78,0,0,0,482433.34,545625.1,548.56213,0
458,0,0,0,0,16869.521,11501.327,23249.307,0,0,0,0,0,0,0,0,0,0,0,0,300996.12,0,0,0,705988.9,513209.75,0,0
359,336465.97,70002.414,94867.97,95189.08,12630.456,10528.604,2031.0767,91970.625,65167.76,52772.66,137321.88,99866.57,104071.14,9545.955,26837.076,31237.842,210306.34,214527.31,218538.95,9151.056,425291.56,272799.5,170208.42,8883.056,6571.813,1179209.1,323982.5
280,356974.72,71023.1,49203.094,54670.63,33005.855,19295.557,28372.746,26794.078,31001.861,18208.81,156360.12,111502.78,167434.9,287879.1,340889.44,226124.84,427347.9,284767.06,34118.3,27676.531,50181.664,35289.348,33912.074,41184.297,32031.787,47841.35,38539.633
771,0,0,0,0,1813.9712,0,19290.25,0,0,0,0,0,0,0,0,0,0,0,29580.725,745209.56,15683.27,22131.273,34152.61,724883.75,787075.25,14922.524,14955.165
339,758662.25,0,344.5655,0,2212.6108,1180.3545,6286.391,0,0,0,69768.96,28248.18,62695.562,1969.5507,509.45734,0,443192.25,573855.3,0,2417.5073,0,0,0,2945.7795,1316.6265,0,0
255,1066012.9,51215.723,10205.887,9809.522,2809.8552,0,0,28997.35,35001.645,14921.607,224067.1,228704.28,651385.3,26068.365,18792.568,6724.294,1507824,781804.94,0,0,0,0,0,0,0,0,0
202,29222.879,57708.043,74067.875,114765.96,159988.02,92075.305,174136,106421.164,115698.88,92557.33,6944.052,6998.1187,6380.3506,20253.889,27926.404,23463.627,33816.85,23743.41,218563.86,279517.94,608690.4,178727.7,301226.78,348776.6,318775.44,506129.03,464688.75
242,92254.7,1621225.6,2304661,2236036.2,1472151.9,982028.7,1558667.2,2196725.2,1857323.4,1782530.5,30098.018,33244.87,19146.639,34936.125,85416.18,73122.984,65327.24,49049.133,1326140.5,1309443.1,1596907.2,1414773.4,1497238.1,1844029,1788646.2,1702682.4,1377236.2
592,0,0,0,0,580030.2,131421.22,488100.38,0,0,0,0,0,0,0,0,0,0,0,0,0,0,0,0,0,0,0,0
353,611912.94,126404.34,342704.75,212420.1,2678384,319050.78,5203544,694211.2,501486.88,360123.75,104623.11,75050.055,143875.64,7253875.5,398418.6,208349.98,451942.94,430074.34,3181414.8,5251995.5,4661610.5,2970757,2868910.8,4744871,4405434.5,4036205.8,3616974.2
371,1672587.9,0,0,0,0,0,0,0,0,0,460807.44,403468.6,319106.03,1413.2129,416.61212,0,1271860.8,1046495.2,51541.03,0,4918.701,61508.125,11972.2,0,0,14780.581,5783.928
349,0,390097.53,597674.94,338908.38,1890404.1,1307361.9,1884058.4,537813.94,559504.94,450473.66,0,0,0,0,0,0,0,0,0,0,0,0,0,0,0,0,0
327,810031.7,209952.25,275249.53,261109.66,98139.47,74525.92,104217.83,183191.31,139924.8,138093.6,516695.94,409940.72,505259.25,97623.63,94527.69,60764.74,668342.06,575559.25,582830,134712.94,699276.56,643706.44,650979.56,194943.38,169574.7,787437.25,610432.44
110,0,0,0,0,0,0,0,0,0,0,0,0,0,0,0,0,0,0,221117.86,52748.133,236316.89,188348.23,103853.21,44719.66,32583.775,309283.75,182117.39
523,0,0,0,0,4837.218,0,0,0,0,0,0,0,0,0,1963.0569,1733.8958,0,0,0,97238.33,0,0,0,512869.2,121265.28,0,0
406,1809.0294,11071.367,10771.219,525.54065,282441.97,19247.193,67957.96,732.9988,16337.823,0,0,0,0,96267.96,25060.93,21933.004,392.63104,295.56006,487.64532,327324.3,28399.371,5051.4985,3063.325,1574105.6,376096.25,344.13556,7320.435
568,200166.2,0,0,0,2011.2815,0,6220.8354,0,0,0,330028.1,274475.94,333113.66,50087.773,85934.08,44026.09,227701.94,163134.72,13249.0625,12573.327,18141.826,11598.493,13930.185,24370.686,23074.943,17566.822,12414.815
663,1331536.9,1617015.6,1593212.4,1937326.9,2795354,375420.94,1540830.5,1048809.6,1140164.6,1170787.8,1771167.2,1373953.1,1838628.2,661455.7,1213464.4,136748.88,1495909.8,1215463.2,115135.375,939731.94,144164.3,123160.84,122792.086,1886783.9,1182542.9,44534.44,83886.63
219,1222.8413,589357.25,622685.3,540517.56,0,0,0,665969.75,560498.6,496874.72,0,0,1062.68,0,0,0,0,1361.2705,42085.43,0,114490.586,60063.66,47051.688,0,0,141030.44,104369.5
411,501.3415,3506.4297,645.0934,2530.9646,0,0,0,5385.023,0,1789.3865,930.3341,379.36206,0,0,0,0,926.10767,516.78,859748.56,0,147923.78,231375.38,361109.9,9896.937,0,3636243.2,1376446.9
238,420721.84,163863.3,257428.75,277123.7,411208.38,244090.06,433403.3,276821.47,216777.16,195206,181372.33,160329.44,159995.19,238174.03,286281.06,190495.55,344034.8,271300.28,304978.94,333286.12,516133.16,218386.12,279482.3,442736.03,403078.28,546714.56,484845.5
337,774147.6,275129.56,414148.88,391645.12,144429.08,121129.22,158848.55,366233.56,301165.9,282298.88,173972.77,144358.33,161019.67,122863.98,118378.19,84876.734,596599.6,555639.1,292028.94,44176.863,420208.03,314728.34,324892.5,62597.57,55121.62,401714.47,342648.4
574,257693.88,4818118,8559284,7658322.5,522679.66,27386.238,201261.44,5622810,4479030,7284140,237176.11,304290,317635.03,31754.217,11787.246,13303.792,174187.1,126050.15,1082485.1,1101280,749958.25,354210.62,1168878.6,813975.3,683375.3,443092.75,556632.8
791,0,30250.406,93638.66,157226.88,223659.84,183957.53,344005.12,169212.81,198881.08,167411.84,0,0,0,0,79307.03,85756.43,0,0,0,96482.99,0,0,0,112443.63,156078.28,0,0
62,0,0,0,0,325751.47,668209.06,175507.34,0,0,0,0,0,0,2449.4946,3785.4517,6996.1157,0,0,0,209603.7,0,0,0,701468,318986.4,0,0
160,265874.16,144321.98,211350.36,153913.5,310853,148003.83,266188.53,222814.83,198432.52,130333.586,187224.77,181242.73,212835.78,375973.47,349348.4,227090.6,349591.06,234284.7,268091.03,855463.4,512609.22,246194.73,257766.3,1067313.8,973197.44,490788.38,548619.56
809,0,0,0,0,0,0,0,0,0,0,0,0,4273.3916,3834.7827,0,0,0,1334.231,5782.7705,786203.8,3652.5444,3808.4321,5980.6787,774615.7,794448.06,3382.516,4972.9873
392,7593.17,815.2145,4426.0596,873.3674,265552.8,13594.2295,229375.86,2146.525,7001.5664,1040.204,903.9181,0,0,16905.232,29612.994,29399.52,4724.549,8572.475,1229110.2,936027.25,2160589.2,1345055,1402074.1,1720266,1568725.6,1992339.9,2054817
410,7480.219,1525.9688,427.87985,3174.1985,0,0,0,14563.135,1079.4868,10285.005,2640.8372,464.29504,494.9029,0,0,0,6646.6304,1276.5822,152664.75,0,51361.4,70926.07,47428.04,0,0,1024008.94,494520.94
402,10657.868,25427.693,7551.0254,14465.694,0,0,0,33999.48,12915.515,24305.459,2640.8372,2326.392,494.9029,0,0,0,9888.103,929.8639,290588.53,0,51361.4,63328.914,110053.39,0,0,1345896.4,672432.75
644,0,0,0,0,42864.79,24186.38,140597.97,0,0,857.02637,0,0,0,64462.46,14859.999,35869.094,0,0,0,582040.9,0,0,0,367609.94,333062.47,0,0
370,728.422,0,0,0,0,3067.8518,0,0,0,0,0,0,0,206106.14,606044.3,333367,16902.693,2044.2693,0,0,0,0,0,0,0,0,0
369,0,0,0,0,0,0,0,0,0,0,0,0,0,0,0,0,0,0,1157944.1,1314983,1194233,1351239.8,902459.06,1943374.1,1731353.1,1274974.5,1077597.1
320,14800.111,54758.793,355266.72,397402.3,0,0,0,202260.61,121684.69,185421.6,20948.469,21913.7,30107.45,0,0,0,19144.227,5713.9365,59030.168,0,2712.974,25373.014,18434.057,0,0,4503.067,12819.282
220,15456.994,1124776.9,1183297.5,969080.6,0,1342.5729,1555.0281,1263653.5,1031306,923403.4,6397.4966,4411.8516,4410.751,8104.34,9877.335,3759.8408,19858.193,10286.756,87165.77,0,225136.61,119366.63,105425.62,0,0,260077.2,187101.88
801,45567.21,181046.81,230025.19,94080.875,0,0,0,85671.96,154500.39,61062.203,29506.879,85736.86,91556.11,0,0,0,22024.186,15545.94,0,0,0,1174.7119,0,0,0,0,0
236,96375.13,130748.6,158438.38,193832.22,148533.58,111850.89,137848.23,100900.555,117645.65,92280.164,12652.064,7252.571,11871.32,47793.65,52739.03,14300.678,62579.824,80162.664,276494.7,116825.79,362665.3,286860.12,306105.6,160384.1,162400.31,298127.7,307458.53
253,679413.2,961108.3,1781981.1,1541247,490065.1,364087.78,477853.97,1306558.2,1068276.8,1133835.8,1557195.9,669361.94,1061845.2,685592.75,379490.9,523364.94,589483.06,441698.22,908873.56,176657.02,346001.78,962194.56,1021272.06,482247.16,683496.6,658113.56,431587.12
221,0,266462.22,430865.22,390530.8,0,0,0,177262.83,405646.94,281850.5,0,0,0,0,0,0,0,0,31831.959,0,72285.38,49901.02,46524.14,0,0,97247.87,74012.19
442,0,178449.25,165706.52,231647.17,1149335.9,504396.2,1053193.1,39030.895,44884.355,90952.266,0,0,0,0,6263.014,0,0,0,0,0,0,0,0,935.05035,0,0,0
101,0,0,0,0,0,0,0,0,0,0,0,0,0,0,0,0,0,0,781170.2,47957.984,485288.22,697185.1,505712.28,43246.566,37987.414,325861.38,277354.03
376,0,2324648,2435461,2094922.5,552525.06,587098.06,669801.6,1920284.8,2161869.5,1134736,0,0,0,2559.148,718.1461,9308.911,0,0,301548.16,509320.5,458698.38,436191.34,340670.12,661539.94,479666.94,316158.56,392098.25
246,28918.475,100117.086,144935.72,119756.68,0,0,0,72150.164,58771.312,56504.992,71800.81,136065.39,116459.555,0,0,0,20017.445,14672.698,649443.5,0,340194.56,715871.7,746083.75,0,0,271685.4,241409.53
625,0,0,0,0,1199718.8,34655.367,1579592.5,0,0,0,0,0,0,0,0,0,0,0,0,0,0,0,0,0,0,0,0
85,255420.42,143816.84,142608.67,124989.88,326834.1,330881.3,543156.25,126093.06,93933.05,115861.19,200333.22,162309.86,222566.47,163724.73,114868.914,124150.6,122603.09,142400.27,170563.89,233539.72,100445.99,184854.06,205588.25,379871.72,139268.69,141407.48,210370.89
593,0,0,0,0,319110.72,67709.55,269783.22,0,0,0,0,0,0,0,0,0,0,0,0,0,0,0,0,0,0,0,0
792,0,0,0,0,180825.95,76308.9,222917.9,0,0,0,0,0,0,0,0,0,0,0,0,1027256,0,0,0,1097545.9,1068411.1,0,0
204,23749.727,212749.14,312643.8,258858.17,0,0,2562.3643,177409.9,157064.12,147661.53,101534.695,128898.9,104704.94,0,0,0,19943.246,7165.791,165642.72,3122.9692,26923.125,205539.19,181416.14,3434.1045,877.40735,58477.594,24337.709
83,707767.44,407015.22,402938.9,275913.88,73339.44,46701.395,111346.17,404034.1,290687.56,214802.73,466455.56,388358.97,582416.1,161912.03,103057.055,148445.28,319045.38,436602.03,466979.12,78143.36,339271.84,512111.53,547981.4,66970.92,120873.94,302176.25,573288.94
291,108995.58,587610.3,865515.75,651436.75,497320.84,176661.06,522769.6,508495.9,507106.97,401844.06,52436.023,73411.234,109147.35,117974.695,226848.05,109488.28,74148.83,52067.18,0,0,0,0,0,0,0,0,0
243,0,1848146.6,2864431.2,2365191,0,0,0,544777.25,1011080.56,132882.25,65117.09,90233.42,60684.418,0,0,0,0,0,0,0,0,0,0,0,0,0,0
453,422591.62,263616.72,71656.12,56805.082,0,0,0,88376.94,110421.44,13473.099,862734.75,589720.56,513988.38,0,0,0,611661.25,338494.25,32902.43,0,45350.586,42340.555,13382.312,0,0,175118.61,160459.72
286,231781.42,2238566.5,2854716.5,2625003.8,1150613.4,1107639.6,1629804.6,1798804.8,2180914,1722446.4,149286.84,169499.89,416920.2,326839.28,828034.9,735031.2,94251.06,121971.09,0,0,0,0,0,0,0,0,0
793,0,2082436.6,3135832.2,3124859.2,331979.75,63426.656,304409.22,2623301,2255943.2,2411905.2,0,0,0,0,0,0,0,0,1229007.5,703032.9,1739572.9,1027452.44,1330100.9,671507.44,643600.94,1833535.5,1681947.8
74,253347.05,138692.06,136577.19,95489.88,51393.133,22360.312,76240.24,146185.06,97306.93,70650.375,183103.39,143766.64,207086.3,90916.57,58110.402,62935.176,124367.51,147625.56,162465.61,43020.98,113874.13,174137.11,182609.3,33065.84,50476.76,97415.01,201294.11
92,2295149.8,1453870.9,1341753.8,1107041.6,783998,469290.2,1198623.4,1331903.9,1017775.75,946072.1,1717037.2,1454657.6,2114116.5,1390206.9,886840.6,1131738.1,1107104.8,1400852.8,1583827.9,552064.75,1180666.8,1700147.8,1894803.4,569319.25,1005023.4,1298244.5,2035363.6
71,983481.4,708169.25,331337.47,317735.34,325873.7,102679.22,697982.5,398866.4,187579.11,320212.66,456251.3,441787.72,520502.72,816631.06,297497.62,318746.38,390169.94,364260.66,306905.7,251272,279629.03,417514.84,478244.5,203194.42,353588.34,385629.47,610908.3
222,0,0,0,0,0,0,0,0,0,0,0,0,0,0,0,0,0,0,69497.08,59083.875,444841.38,63713.49,78264.09,74799.45,66204.26,236894.95,361370.34
467,0,0,0,0,0,0,0,0,0,0,0,0,0,331477.62,838648.56,692022.56,0,0,0,0,0,0,0,0,0,0,0
330,196632.47,1070592.5,1035623.06,979204.7,492560,272313.66,686634.75,255039.94,262623.06,313215.88,42716.71,38999.832,55956.016,242673.2,617775.06,289017.34,0,150598.84,221023.95,674121.06,40845.99,236977.98,243740.08,575140.7,501951.06,77207.51,51628.766
785,2485.3599,205598.84,299474.6,294373,15278.957,1428.6477,6635.785,206069.12,176329.55,167321.78,1278.3549,1078.7009,1100.5508,1152.0936,1003.02167,3345.109,1165.2563,1079.2798,268358.7,13802.624,190986.52,244257.25,316362.28,17263.824,8820.323,223540.69,207839.38
97,295663.75,185237.23,182394.11,140663.02,85108.836,51763.375,131628.67,194580.92,139202,112490.875,244346.53,200561.64,303798.16,195187.6,126385.63,156653.78,154065.77,196297.89,207011.86,78089.62,150298.3,199684,235981.83,28621.41,126676.9,151210.77,251158.34
106,372286.4,138407.62,133883.39,127227.43,322470.22,183031.95,409277.9,149785.6,94517.516,143096.67,176748.22,156607.52,334536.03,538616.1,366265.62,456968.72,180007.89,160200.34,153849.47,259215.55,121198.93,313777.7,313354.66,303829.5,512714.84,203875.81,335033.2
82,4391971.5,2395556,2435643.8,1682497.9,552801.8,300124.1,876602.7,2507053.8,1783904,1245993,3018363.8,2310252.2,3525922.5,1205860.8,716034.9,850947.25,2155266,2604056.8,2751943.2,534399.3,2076791.6,2668817.5,2969471.5,430680.7,824902.6,1763934.9,3141751.8
195,0,0,0,0,165499.72,1163620.2,518659.34,0,0,0,0,0,0,69182.87,168133.64,457607.8,0,0,0,1620845.8,0,0,0,1516810.1,1062426.4,0,0
594,0,19441.473,16675.498,26139.648,13101305,2996611.5,10836725,45935.863,59627.9,37472.492,0,0,0,0,0,0,0,0,0,0,0,0,0,0,0,0,0
186,0,0,0,0,0,0,0,0,0,0,0,0,0,0,0,0,0,0,0,464365.4,0,0,1073.4795,124815.15,232099.38,0,481.9231
80,770417.5,485396.6,329245.16,255203.28,336411.88,151863.31,557172.6,397284.78,236813.3,210895.72,410047.47,323273.16,493703.2,738146.8,376185.44,412828.5,304202.2,376849.84,345324.97,244554.12,300740.2,425664.8,394763.4,219665.1,435826.4,319429.72,502722.88
451,0,4668354,5171842,4674286.5,239594.47,222456.2,240004.39,3165689.2,2685629,3345982.8,0,0,0,499.64,23896.523,0,0,0,23158.346,11134.58,24792.586,9938.791,34118.613,10006.187,8651.415,37218.75,0
90,757987.9,423171.97,431524.78,333377.34,71457.66,40820.58,108884.24,469192.94,333268.75,277681.3,604959.8,490272.28,694634.4,169666.25,100036.33,128871.67,390220.06,482773.75,485161.6,67670.08,300488.44,507989.5,566080.5,40160.77,107848.11,305654.72,593128.1
638,0,0,0,0,246531.14,20097.217,596709.25,0,0,0,0,0,0,0,0,0,0,0,0,0,0,0,0,0,0,0,0
626,0,0,0,685.89624,3250020.2,103737.76,4190542.5,0,0,986.29236,0,0,0,0,0,0,0,0,0,0,0,0,0,0,0,0,0
104,754336.44,453475.47,188873.58,341977.25,180071.77,107880.71,262131.98,466360.94,340772.78,290263.62,619889.7,506519.53,692924.4,334081.8,205716.03,266360,387660.22,482856.12,532131.5,163863.25,388498.53,578043.44,615463.4,146784.2,256838.28,388028.8,647888.1
717,0,0,0,0,1208486.6,411024.56,1215386.1,0,0,0,0,0,0,0,0,0,0,0,0,0,0,0,0,0,0,0,0
722,0,710.317,0,0,1614364,441754.25,1239121.8,1642.1025,1754.6082,1063.1017,0,0,0,0,0,0,0,0,0,0,0,0,0,0,0,0,0
98,425695.84,263520.8,249867.61,201561.33,175530.73,110113.19,229995.95,243298.72,184775.34,175047.1,305411.25,250972.55,393237.25,295431.1,197087.38,236331.62,220922.61,267132.22,302019.12,133937.58,219286.38,334804.03,340951.47,143864.67,230444.17,229532.45,367157.06
580,0,0,0,0,0,0,0,0,0,0,0,0,0,0,0,0,0,0,416782.25,2660919.8,729626.06,427546.8,459040.28,2827182.5,2902531.2,775057.25,499817.4
198,3924.9297,99405.26,153516.97,103280,0,0,0,185809.2,147309.86,125757.78,5214.707,797.84937,4107.226,0,0,0,4242.6875,3627.5159,194470.47,0,265967.84,257056.28,206446.89,0,0,354158.88,248994.64
764,0,0,0,0,0,0,0,0,0,0,0,0,0,0,0,0,0,0,58977.73,384026.2,324833.5,33018.02,51449.902,480235.88,670664,323379.25,404676.22
506,0,0,0,0,11125239,6911558,10449847,0,0,0,0,0,0,483840.9,137211.19,44948.004,0,0,0,112040.375,0,0,0,336984.06,133647.1,0,0
469,0,0,0,0,0,0,0,0,0,0,0,0,0,0,0,0,0,0,207250.38,2201840.8,294712.3,265087.78,243466,3052725.8,2900216.2,336060,279319.53
251,319578.97,124168.43,145297.92,195338.45,138437.36,85289.5,169466.8,133912.36,111494.625,104240.43,174507.34,167660.8,206236.98,152904.02,164472.55,81388.44,209822.22,243572.27,68434.125,31642.814,118841.6,72050.86,87368.93,44156.24,38970.9,115564.97,122235.04
79,30855.197,16786.686,21145.355,7582.048,131299.45,55770.414,233276.53,19197.127,17519.662,10045.986,14634.135,12752.568,21705.713,424603.44,254928.39,302694.4,19446.262,21065.695,22983.64,187080.67,19918.53,25635.484,26714.123,70634.2,185297.28,6499.551,31498.72
642,0,1883.1079,914.94385,745.1524,19724.371,2937.3884,15390.214,2947.5154,3445.9905,0,0,0,0,0,0,0,0,0,0,49558.887,0,0,0,17728.967,4730.974,0,0
405,878115,0,0,0,0,0,0,0,0,0,92654.89,194446.67,74068.73,118154.81,26166.438,281148.2,684448.9,682189.56,0,0,0,0,0,0,0,0,0
448,0,0,0,0,2444912.8,1274917.4,1933973.9,0,0,0,0,0,0,0,0,0,0,0,0,0,0,0,0,0,0,0,0
727,37852.816,1066182.4,1265390.2,1404471,34456.863,10266.8955,35402.707,616246.25,492985.4,540468.4,22827.14,2955.748,73512.83,33030.58,47137.777,14343.957,20119.762,17948.354,6386.2783,81484.52,2431.5645,9819.146,8642.321,99490.51,70531.76,4618.436,1035.9824
379,0,0,0,0,30705.844,13725.127,2679152.8,0,0,0,0,0,0,0,0,0,0,0,0,0,0,0,0,0,0,0,0
587,0,120855.625,341452.53,278411.56,0,0,9417.999,278054.25,244360.83,219402.77,0,0,0,0,0,0,0,0,0,0,0,0,0,0,0,0,0
758,0,1329.2417,2259.9683,4401.8115,8425.704,0,9057.444,4520.9604,0,0,0,0,0,0,0,0,0,0,0,11591.69,0,0,0,11739.214,14789.395,0,0
823,0,0,0,0,1345.596,0,0,0,0,0,0,0,0,0,0,0,0,0,0,9106.789,0,0,0,4875.633,3049.9353,0,0
581,0,0,0,0,0,0,0,0,0,0,0,0,0,0,0,0,0,0,14104.844,572080.2,22353.49,9246.991,12814.741,574109.56,640463.94,22484.342,26248.19
531,0,0,0,0,543396.8,242090,588003.56,0,0,0,0,0,0,0,0,0,0,0,0,0,0,0,0,0,0,0,0
279,271798.5,18427.305,8500.135,12918.033,2177.0447,0,0,2433.925,1736.8845,0,83486.836,48302.652,91732.79,194397.55,228781.31,132172.86,372773,202334.56,3648.7136,2841.5115,7950.4087,2817.1565,4979.7983,5704.21,6428.5034,8202.413,6295.064
807,0,0,0,0,0,0,0,0,0,0,0,0,0,10089.55,0,0,0,0,0,0,0,0,0,0,0,0,0
316,0,133643.17,171994.4,183707.34,3377477.2,2245255,5276522.5,285344.8,214987.98,201471.2,0,0,0,0,0,0,0,0,0,0,0,0,0,0,0,0,0
69,0,0,0,0,0,0,0,0,0,0,0,0,0,0,0,0,0,0,78431.94,762975.5,148642.81,46275.242,73240.01,314634.22,568079.44,97621.21,144329.39
93,0,0,0,0,0,0,0,0,0,0,0,0,0,0,1669.3241,0,0,0,667461.44,3646602,1196164.4,587451.8,598166.6,3397507.5,2742949.2,794741.1,1085042.6
25,0,0,155712.73,5348.1514,351609.03,1253.1582,131959.14,0,44050.406,0,1303.9324,0,0,536561.6,3710.9878,0,6745.7095,0,0,17953.373,0,0,0,7916.757,175243.28,714.55786,38678.344
452,0,1757345.4,1929864,1543934,2054.5825,0,0,1277728.9,991217.56,1219887.4,0,0,0,0,0,0,0,0,0,0,0,0,0,0,0,5634.4604,0
100,0,0,0,0,0,0,0,0,0,0,0,0,0,0,0,0,0,0,136550.3,917002.3,324049.03,121419.67,155290.06,629198,730861.2,243866.8,357491.4
589,0,5178.5366,4138.1304,8342.487,802937.9,454544.53,1227953.4,36908.285,39448.984,19928.129,0,0,0,0,0,0,0,0,0,0,0,0,0,0,0,0,0
559,0,0,0,0,1874821.2,1373781.8,1219153.2,0,0,0,0,0,0,0,0,0,0,0,0,0,0,0,0,0,0,0,0
584,0,154799.84,372878.03,303896.88,0,0,10106.689,335994.8,290763.34,241671.86,0,0,0,0,0,0,0,0,0,0,0,0,0,0,0,0,0
563,130600.94,0,0,0,0,0,0,0,0,0,168076.05,224564.89,308163.88,695239.6,1011264.5,1139491.2,172511.67,95867.3,0,0,0,0,0,0,0,0,0
661,0,0,0,0,0,0,0,0,0,0,0,0,0,0,0,0,0,0,15179.237,318102.97,12506.358,5143.0684,12431.939,299478.8,228975.45,16299.036,8016.3354